week,n,pi_mean,q_mean,R_model,group
11.0,294,0.7749968906185312,0.5514106779821554,0.20236110876881264,Group1
11.1,294,0.7664919791912936,0.44932052960887287,0.21963467271631823,Group1
11.2,294,0.7577908250555276,0.47832028405221816,0.22393661627813094,Group1
11.299999999999999,294,0.7488973232998881,0.3936724646762177,0.23973796055578986,Group1
11.399999999999999,294,0.7398159504013331,0.45410233917407994,0.24116304524610319,Group1
11.499999999999998,294,0.7305517646610241,0.5175318106383242,0.24241613922900632,Group1
11.599999999999998,294,0.7211104030494174,0.45580124329019805,0.2563092602030546,Group1
11.699999999999998,294,0.7114980743474248,0.5049229474020713,0.2592368309943733,Group1
11.799999999999997,294,0.7017215485073043,0.5710681620908812,0.26057698872468776,Group1
11.899999999999997,294,0.6917881421965761,0.3981065596211724,0.2859376445002794,Group1
11.999999999999996,294,0.6817057005301319,0.5084396301031848,0.2830731577297001,Group1
12.099999999999996,294,0.6714825750392157,0.5549805706071923,0.286686362634052,Group1
12.199999999999996,294,0.6611275979703705,0.4673772996183258,0.3038062847922413,Group1
12.299999999999995,294,0.650650053052015,0.4823723983257669,0.3107521674754572,Group1
12.399999999999995,294,0.6400596429102152,0.5939395280627977,0.3081198527121251,Group1
12.499999999999995,294,0.6293664533576788,0.45303163680512326,0.3308069856357791,Group1
12.599999999999994,294,0.6185809148201612,0.5116434125240599,0.3336067961512588,Group1
12.699999999999994,294,0.6077137612015879,0.5020368808733298,0.34328556796044424,Group1
12.799999999999994,294,0.5967759865225143,0.38757956493051265,0.36349885294118867,Group1
12.899999999999993,294,0.5857787996953926,0.3998454474630869,0.3710814065780275,Group1
12.999999999999993,294,0.5747335778239183,0.46523305021100436,0.37338541272437886,Group1
13.099999999999993,294,0.563651818432003,0.34745301628206887,0.3940317588027243,Group1
13.199999999999992,294,0.55254509104031,0.44005145041874366,0.393657735674353,Group1
13.299999999999992,294,0.5414249885145571,0.482784136718855,0.39827964992348,Group1
13.399999999999991,294,0.5303030786098333,0.3752345512046808,0.41793105651931506,Group1
13.499999999999991,294,0.5191908561290423,0.3835524336514428,0.42598893512230385,Group1
13.59999999999999,294,0.5080996961014341,0.4953386902709888,0.42368523259078605,Group1
13.69999999999999,294,0.4970408083693311,0.3888152811101687,0.44318990603045133,Group1
13.79999999999999,294,0.48602519394799826,0.472856509321837,0.44360782441532853,Group1
13.89999999999999,294,0.4750636034957094,0.4875865146688358,0.450919048308342,Group1
13.99999999999999,294,0.46416649819899086,0.4546949381224035,0.4629472907817993,Group1
14.099999999999989,294,0.4533440133425243,0.47774886211319934,0.46932874889335735,Group1
14.199999999999989,294,0.44260592479495275,0.473124844126136,0.478418923786475,Group1
14.299999999999988,294,0.4319616186016703,0.2888279214340735,0.50541074150209,Group1
14.399999999999988,294,0.4214200638343383,0.3208059673773184,0.5107031363560091,Group1
14.499999999999988,294,0.4109897888051484,0.33120480664061025,0.5180755560612238,Group1
14.599999999999987,294,0.4006788607124903,0.28156489334267837,0.5313683081669887,Group1
14.699999999999987,294,0.39049486874435085,0.3367878298110311,0.5340859200089623,Group1
14.799999999999986,294,0.38044491062715313,0.46328292968358614,0.5295824918148563,Group1
14.899999999999986,294,0.3705355825713482,0.3831472325314871,0.5456437022802407,Group1
14.999999999999986,294,0.360772972531426,0.47674273316651083,0.5442290903557949,Group1
15.099999999999985,294,0.3511626566674818,0.5049725384871574,0.5492444420396023,Group1
15.199999999999985,294,0.3417096988683683,0.4302889158868703,0.5644409858701217,Group1
15.299999999999985,294,0.3324186531729991,0.4649604930717407,0.5685886712495041,Group1
15.399999999999984,294,0.32329356890665867,0.5968024274473765,0.5629031479094899,Group1
15.499999999999984,294,0.31433799833325954,0.47746321859811514,0.5822170793069065,Group1
15.599999999999984,294,0.30555500661232693,0.5880335492585519,0.5784192515566269,Group1
15.699999999999983,294,0.29694718384097557,0.6194732534455255,0.5824118681889865,Group1
15.799999999999983,294,0.288516658956097,0.5182979351768464,0.5995418785463805,Group1
15.899999999999983,294,0.28026511527018266,0.5319877119652754,0.6050600925587889,Group1
15.999999999999982,294,0.2721938074153995,0.6356333255585587,0.6014565578089198,Group1
16.09999999999998,294,0.26430357947442257,0.4823303406012807,0.6234211269744425,Group1
16.19999999999998,294,0.2565948840827948,0.6120069766531445,0.6169606612545069,Group1
16.299999999999983,294,0.24906780229590766,0.6609332664607456,0.6184481006356788,Group1
16.39999999999998,294,0.2417220640237448,0.5454947818225095,0.6362450770011274,Group1
16.49999999999998,294,0.23455706884797722,0.5484559852003322,0.6420755643974936,Group1
16.59999999999998,294,0.22757190704855207,0.6190633849751813,0.6410155487907174,Group1
16.69999999999998,294,0.22076538068024018,0.45721493245334904,0.66307607361183,Group1
16.79999999999998,294,0.214136024553463,0.5458091739083821,0.6599683098661819,Group1
16.899999999999977,294,0.20768212698783745,0.5676596694737245,0.6634120997166966,Group1
16.99999999999998,294,0.2014017502210306,0.5405876378453652,0.6716266777274085,Group1
17.09999999999998,294,0.19529275036950136,0.5904518438157973,0.6720276681375469,Group1
17.199999999999978,294,0.1893527968513632,0.4792476159879778,0.6884171694941366,Group1
17.299999999999976,294,0.18357939119477729,0.4566473241465216,0.6958296937490034,Group1
17.399999999999977,294,0.17796988516785475,0.47004725508126244,0.6995274659854863,Group1
17.49999999999998,294,0.1725214981779281,0.2938892428874771,0.7220682492089244,Group1
17.599999999999977,294,0.16723133389916123,0.35000235460246787,0.7212711641436735,Group1
17.699999999999974,294,0.1620963960977695,0.34083558776828615,0.7268934083991769,Group1
17.799999999999976,294,0.15711360363357382,0.30548757779918206,0.7350272752321353,Group1
17.899999999999977,294,0.15227980462520427,0.2984620677848202,0.7402245966505413,Group1
17.999999999999975,294,0.14759178977400708,0.277229117762527,0.7467406131597198,Group1
18.099999999999973,294,0.14304630484860448,0.16079372909047365,0.7626771025858179,Group1
18.199999999999974,294,0.13864006233812887,0.20056654407696575,0.7628953019556128,Group1
18.299999999999976,294,0.13436975228744505,0.22852527062212585,0.7641997574476869,Group1
18.399999999999974,294,0.13023205233220936,0.21960019542366827,0.7690997660473085,Group1
18.49999999999997,294,0.12622363695546476,0.2701014045667051,0.767966647007837,Group1
18.599999999999973,294,0.12234118599064861,0.37095543976805,0.7617100702741848,Group1
18.699999999999974,294,0.11858139239847619,0.2980129277335565,0.7727472881032662,Group1
18.799999999999972,294,0.1149409693471891,0.4653460094601296,0.7596733871776209,Group1
18.89999999999997,294,0.1114166566271865,0.5637925736561682,0.7534068607731301,Group1
18.99999999999997,294,0.10800522643213231,0.48753560584143185,0.7645316698022527,Group1
19.099999999999973,294,0.104703488539303,0.4929765061044996,0.7674099074120376,Group1
19.19999999999997,294,0.10150829492225577,0.6103738810707038,0.7590179165584613,Group1
19.29999999999997,294,0.09841654382890568,0.4535679876004868,0.7779738427819392,Group1
19.39999999999997,294,0.09542518335783243,0.5320216190640614,0.7733335430764442,Group1
19.49999999999997,294,0.09253121456514501,0.5368580615583768,0.7759867880930049,Group1
19.59999999999997,294,0.08973169413353914,0.4982133857992981,0.782922031082148,Group1
19.699999999999967,294,0.0870237366343374,0.5437810252187625,0.7813719485007539,Group1
19.79999999999997,294,0.08440451641231458,0.5801257070178728,0.78068204558737,Group1
19.89999999999997,294,0.08187126912202763,0.38614349017955796,0.8029646514855134,Group1
19.999999999999968,294,0.07942129294320117,0.45871763492160644,0.7985333314475982,Group1
20.099999999999966,294,0.07705194950149608,0.4842821749754779,0.7987465289625156,Group1
20.199999999999967,294,0.07476066451972611,0.432104161554893,0.8066793409029243,Group1
20.29999999999997,294,0.07254492822329783,0.4805561540350446,0.80449626817352,Group1
20.399999999999967,294,0.07040229552235663,0.5793971448269448,0.7972231230961001,Group1
20.499999999999964,294,0.06833038599183087,0.45006785978703756,0.8127174993825697,Group1
20.599999999999966,294,0.06632688366928989,0.5784054852596021,0.8023972995722033,Group1
20.699999999999967,294,0.06438953668927835,0.6179029521485,0.8009148068804326,Group1
20.799999999999965,294,0.06251615677156834,0.5149110848422497,0.8136364706645657,Group1
20.899999999999963,294,0.060704618579583966,0.5060268845265097,0.8169040785416399,Group1
20.999999999999964,294,0.058952858964110816,0.5927420762363839,0.8105699022125946,Group1
21.099999999999966,294,0.057258876106299705,0.46568346651112424,0.8255726622966996,Group1
21.199999999999964,294,0.05562072857292409,0.512951142164552,0.823103709115831,Group1
21.29999999999996,294,0.05403653429584507,0.5018350815998358,0.8264353622773689,Group1
21.399999999999963,294,0.052504469486686065,0.46421691120123226,0.8323807357947518,Group1
21.499999999999964,294,0.05102276749681413,0.5190970127124303,0.8290410281476533,Group1
21.599999999999962,294,0.049589717631873004,0.5885740794450229,0.824207567490964,Group1
21.69999999999996,294,0.048203663929309686,0.47658386217898513,0.8374879379204733,Group1
21.79999999999996,294,0.046863003906582795,0.5903544784114934,0.8281604494242423,Group1
21.899999999999963,294,0.04556618728703382,0.6337062761221786,0.8258441523979693,Group1
21.99999999999996,294,0.04431171470974242,0.5681226814587503,0.8343917537795269,Group1
22.09999999999996,294,0.04309813642907209,0.6214422608494018,0.8310204117480422,Group1
22.19999999999996,294,0.04192405100904036,0.7473981946507242,0.8203577892730434,Group1
22.29999999999996,294,0.04078810401711579,0.6174744485011489,0.8352564378934593,Group1
22.39999999999996,294,0.039688986721551855,0.7279166081267658,0.8260927151489033,Group1
22.499999999999957,294,0.03862543479591489,0.741100918819579,0.826629881538679,Group1
22.59999999999996,294,0.037596227034041294,0.7031471034120836,0.8322568196238513,Group1
22.69999999999996,294,0.03660018407827578,0.7413207277372458,0.8302477983714819,Group1
22.799999999999958,294,0.03563616716348532,0.7932765682734201,0.826838137269329,Group1
22.899999999999956,294,0.034703076879019974,0.6295333313881438,0.8449767352680934,Group1
22.999999999999957,294,0.03379985195049422,0.7299211525492216,0.8366813217130649,Group1
23.09999999999996,294,0.03292546804298984,0.5467946886238729,0.856717147951964,Group1
23.199999999999957,294,0.03207893658703482,0.6447187854004643,0.8486284214045843,Group1
23.299999999999955,294,0.03125930362848706,0.6531490677161704,0.8494702473551081,Group1
23.399999999999956,294,0.030465648703249245,0.57167139090235,0.8592846845952679,Group1
23.499999999999957,294,0.029697083737554152,0.6180765357669649,0.8562932766959039,Group1
23.599999999999955,294,0.028952751974395074,0.7085444752647451,0.8488786260914485,Group1
23.699999999999953,294,0.028231826926525094,0.4990252603836265,0.8714463062241803,Group1
23.799999999999955,294,0.027533511356314273,0.5977177968908763,0.8631769845837141,Group1
23.899999999999956,294,0.026857036282633768,0.6338599326037112,0.8611474146751182,Group1
23.999999999999954,294,0.02620166001482727,0.5045200078147267,0.8756512816525922,Group1
24.09999999999995,294,0.02556666721373588,0.53946736227062,0.8737121522788778,Group1
24.199999999999953,294,0.024951367979657094,0.6841644997570984,0.8607842591051963,Group1
24.299999999999955,294,0.024355096967043716,0.5353188862335555,0.8771973212774912,Group1
24.399999999999952,294,0.023777212525683857,0.636629461066207,0.8685818940142889,Group1
24.49999999999995,294,0.023217095868045205,0.646357207732487,0.8691123121191191,Group1
24.59999999999995,294,0.022674150262418143,0.5040047509183467,0.8848387308355832,Group1
24.699999999999953,294,0.022147800251449135,0.5208307472929535,0.884635687316912,Group1
24.79999999999995,294,0.021637490895619275,0.6069556059631444,0.8774915291100851,Group1
24.89999999999995,294,0.02114268704119332,0.4618948771216388,0.8934550758034447,Group1
24.99999999999995,294,0.02066287261213817,0.5565246565844051,0.8854390790686177,Group1
25.09999999999995,294,0.020197549925489576,0.5682002851282888,0.8857083532059946,Group1
25.19999999999995,294,0.019746239029628625,0.5295622611890384,0.8909991843381333,Group1
25.299999999999947,294,0.01930847706491757,0.5408251940691214,0.8912904355365338,Group1
25.39999999999995,294,0.018883817646134414,0.5347844385838555,0.8933028837893198,Group1
25.49999999999995,294,0.0184718302661396,0.36680806433122043,0.9115000234916908,Group1
25.599999999999948,294,0.018072099720204092,0.46586785752983617,0.9029849666650952,Group1
25.699999999999946,294,0.01768422555042712,0.46707540286810584,0.9042468351612232,Group1
25.799999999999947,294,0.01730782150967238,0.4194150857469758,0.9103874608129756,Group1
25.89999999999995,294,0.01694251504445399,0.38793751433443807,0.9149020435909935,Group1
25.999999999999947,294,0.016587946796207804,0.4408560461808303,0.9109694992912376,Group1
26.099999999999945,294,0.016243770120389488,0.35072403433678034,inf,Group1
26.199999999999946,294,0.01590965062284764,0.4092190893534181,inf,Group1
26.299999999999947,294,0.015585265712927671,0.3969694292279954,inf,Group1
26.399999999999945,294,0.015270304172771967,0.370784773104964,inf,Group1
26.499999999999943,294,0.014964465742290423,0.36936900874204676,inf,Group1
26.599999999999945,294,0.014667460719286807,0.4211453022573431,inf,Group1
26.699999999999946,294,0.014379009574236564,0.3276181430499279,inf,Group1
26.799999999999944,294,0.014098842579222823,0.38736760720555236,inf,Group1
26.89999999999994,294,0.013826699450549703,0.3767803789107201,inf,Group1
26.999999999999943,294,0.01356232900456329,0.349265246889216,inf,Group1
27.099999999999945,294,0.013305488826222697,0.34398106803171863,inf,Group1
27.199999999999942,294,0.013055944949976353,0.3985574750691949,inf,Group1
27.29999999999994,294,0.012813471552510322,0.3079615417918553,inf,Group1
27.39999999999994,294,0.012577850656947949,0.36972287111334884,inf,Group1
27.499999999999943,294,0.012348871848092859,0.37340321385157266,inf,Group1
27.59999999999994,294,0.012126331998318175,0.3485535368781551,inf,Group1
27.69999999999994,294,0.011910035003718848,0.3697635780498992,inf,Group1
27.79999999999994,294,0.011699791530153884,0.4555553979718445,inf,Group1
27.89999999999994,294,0.01149541876881883,0.36948861667662947,inf,Group1
27.99999999999994,294,0.011296740200999076,0.46486154177262756,inf,Group1
28.099999999999937,294,0.01110358537166689,0.4801952695122591,inf,Group1
28.19999999999994,294,0.010915789671595785,0.46601033448127455,inf,Group1
28.29999999999994,294,0.010733194127676949,0.49599490994502715,inf,Group1
28.399999999999938,294,0.01055564520113339,0.5961254367478861,inf,Group1
28.499999999999936,294,0.010382994593337197,0.5364374968917783,inf,Group1
28.599999999999937,294,0.010215099058946749,0.6613568506176408,inf,Group1
28.69999999999994,294,0.01005182022608944,0.7063256582515688,inf,Group1
28.799999999999937,294,0.009893024423325916,0.6835811572018008,inf,Group1
28.899999999999935,294,0.009738582513141148,0.7163804402336531,inf,Group1
28.999999999999936,294,0.009588369731716586,0.5887603367373946,inf,Group1
11.0,597,0.891367536759293,0.5291252312329029,0.12313020114520465,Group2
11.1,597,0.8862328259178021,0.43331144888907464,0.13741698807974212,Group2
11.2,597,0.8809095129324465,0.44246503135505794,0.14133906003400384,Group2
11.299999999999999,597,0.875394671985996,0.3433594635708461,0.1562211165860514,Group2
11.399999999999999,597,0.8696856391604573,0.3981635676534869,0.15584814026677576,Group2
11.499999999999998,597,0.8637800362879037,0.45809596467575187,0.1550999336864477,Group2
11.599999999999998,597,0.8576757947746207,0.3593413352339025,0.17035947680104202,Group2
11.699999999999998,597,0.8513711792204567,0.3883364581969503,0.17298430650376304,Group2
11.799999999999997,597,0.8448648106435921,0.5158724083590304,0.16589628060247133,Group2
11.899999999999997,597,0.8381556891106244,0.41769869912144963,0.18152114771041788,Group2
11.999999999999996,597,0.8312432155633049,0.5032903821587408,0.17891182200092343,Group2
12.099999999999996,597,0.8241272126266647,0.5416604701190157,0.1811671263716553,Group2
12.199999999999996,597,0.8168079441789385,0.47603357968666515,0.1939644144394098,Group2
12.299999999999995,597,0.8092861334618865,0.5429054380513023,0.1936536072159936,Group2
12.399999999999995,597,0.8015629795110185,0.6375675578245023,0.1907047141153923,Group2
12.499999999999995,597,0.7936401716890726,0.4709852164053179,0.21402002484378393,Group2
12.599999999999994,597,0.7855199021129959,0.5702124019644655,0.210892606102234,Group2
12.699999999999994,597,0.7772048757747301,0.5839241730890418,0.21645305853767355,Group2
12.799999999999994,597,0.7686983181693676,0.4568770280435701,0.23622347447708567,Group2
12.899999999999993,597,0.7600039802606656,0.4455027273133776,0.24455805219730736,Group2
12.999999999999993,597,0.7511261406334323,0.5113034591204088,0.24530357786677862,Group2
13.099999999999993,597,0.7420696047047559,0.37471306615364586,0.26641330342463954,Group2
13.199999999999992,597,0.732839700891236,0.4309802797259884,0.26835862584798037,Group2
13.299999999999992,597,0.7234422736570053,0.45618453225141303,0.27352751077051046,Group2
13.399999999999991,597,0.7138836733970615,0.4083005067030423,0.2861180446184193,Group2
13.499999999999991,597,0.7041707431418708,0.47433174077363005,0.2874250835011051,Group2
13.59999999999999,597,0.6943108021019052,0.6093931547666834,0.28193201194088685,Group2
13.69999999999999,597,0.6843116261042537,0.49090340079586936,0.3018915216474353,Group2
13.79999999999999,597,0.6741814250071794,0.5843459980900317,0.30074951379708226,Group2
13.89999999999999,597,0.6639288172119606,0.6055907363346479,0.3069129765403849,Group2
13.99999999999999,597,0.6535628014239832,0.521315172977596,0.3237078550387853,Group2
14.099999999999989,597,0.6430927258463303,0.5554461285297402,0.32873492349903916,Group2
14.199999999999989,597,0.6325282550184965,0.617456858558645,0.3310400911867434,Group2
14.299999999999988,597,0.6218793345398606,0.4315253710537534,0.35819859538338883,Group2
14.399999999999988,597,0.6111561539417018,0.48837463045855756,0.36113100697273065,Group2
14.499999999999988,597,0.6003691079924603,0.4945236976461496,0.36917814352955153,Group2
14.599999999999987,597,0.5895287567382427,0.4256220940004108,0.3847676608831889,Group2
14.699999999999987,597,0.5786457845940023,0.4689795039130175,0.3891611115040076,Group2
14.799999999999986,597,0.5677309588101608,0.5464152627618506,0.39016902477892434,Group2
14.899999999999986,597,0.5567950876445369,0.41218151727726776,0.41235862025443054,Group2
14.999999999999986,597,0.5458489785702835,0.49152607914619084,0.41319755153062676,Group2
15.099999999999985,597,0.534903396847112,0.5297630125678866,0.4181468765057883,Group2
15.199999999999985,597,0.5239690247755042,0.44171878769032574,0.435716470554781,Group2
15.299999999999985,597,0.5130564219420766,0.4857408915156634,0.44006419326675766,Group2
15.399999999999984,597,0.5021759867489978,0.5902828703280257,0.43833741113178765,Group2
15.499999999999984,597,0.4913379195016847,0.45701238258558174,0.46036221809026234,Group2
15.599999999999984,597,0.48055218730729343,0.5981460853420087,0.4549099714618047,Group2
15.699999999999983,597,0.46982849101217067,0.6724729118954882,0.45609498732415377,Group2
15.799999999999983,597,0.45917623437990174,0.5819758366641505,0.4737123856009869,Group2
15.899999999999983,597,0.44860449568335486,0.6193889202545904,0.47848240544063675,Group2
15.999999999999982,597,0.438122001854658,0.7148986191306743,0.47738029234422735,Group2
16.09999999999998,597,0.4277371053068506,0.5393380837557153,0.5033168845762994,Group2
16.19999999999998,597,0.4174577635105152,0.637668892346653,0.5017904540857516,Group2
16.299999999999983,597,0.4072915213784793,0.6575881300494908,0.5080260109190042,Group2
16.39999999999998,597,0.397245496482122,0.5564990751708883,0.5262782449454255,Group2
16.49999999999998,597,0.3873263670943466,0.5867943620622672,0.5313032179388416,Group2
16.59999999999998,597,0.3775403630272505,0.6524486211414618,0.5326991059890005,Group2
16.69999999999998,597,0.3678932592072585,0.48716176569023345,0.5570918753192288,Group2
16.79999999999998,597,0.3583903719072582,0.566751232009956,0.5568960609083679,Group2
16.899999999999977,597,0.3490365575343287,0.601987748337909,0.5610311904477343,Group2
16.99999999999998,597,0.33983621385312485,0.5300590498243489,0.5757754119870442,Group2
17.09999999999998,597,0.330793283508995,0.6008519286021774,0.5761372864612633,Group2
17.199999999999978,597,0.3219112597015473,0.5089929491263736,0.5926517121851681,Group2
17.299999999999976,597,0.31319319384862865,0.5450793138368858,0.596256832922271,Group2
17.399999999999977,597,0.3046417050725228,0.6116289579481808,0.5966990217655268,Group2
17.49999999999998,597,0.2962589913345303,0.4277875968397596,0.6220621686040747,Group2
17.599999999999977,597,0.2880468420408429,0.5233829162548556,0.6193622522792575,Group2
17.699999999999974,597,0.2800066519416475,0.5499973543305471,0.6234400526522362,Group2
17.799999999999976,597,0.27213943614649727,0.47809680886406253,0.6372482693666008,Group2
17.899999999999977,597,0.2644458460819846,0.5108621770106074,0.6404683567082163,Group2
17.999999999999975,597,0.25692618622245295,0.517877142068094,0.6461417332152509,Group2
18.099999999999973,597,0.24958043143066366,0.3206146111750666,0.6721211257699173,Group2
18.199999999999974,597,0.24240824475277886,0.3553558595449889,0.6747786427185556,Group2
18.299999999999976,597,0.2354089955205117,0.3491140343231835,0.6814134108144343,Group2
18.399999999999974,597,0.22858177762262016,0.26420871558323394,0.6957941063280645,Group2
18.49999999999997,597,0.22192542781788627,0.2823197799651829,0.6997535558642942,Group2
18.599999999999973,597,0.2154385439721163,0.33935319339242054,0.6997021443247207,Group2
18.699999999999974,597,0.2091195031123563,0.26132103148659847,0.7130398002282461,Group2
18.799999999999972,597,0.20296647920227176,0.40544483121743846,0.7040456481033323,Group2
18.89999999999997,597,0.19697746055334478,0.493711245688955,0.7005224308215405,Group2
18.99999999999997,597,0.19115026679706681,0.406394816431531,0.7144442204877887,Group2
19.099999999999973,597,0.1854825653535328,0.4081600110610057,0.7193462031464262,Group2
19.19999999999997,597,0.17997188734168554,0.5391195857292154,0.7112188313990094,Group2
19.29999999999997,597,0.17461564288584078,0.4448614450070773,0.7255051277014256,Group2
19.39999999999997,597,0.16941113578197264,0.5000844233204381,0.7247370959539083,Group2
19.49999999999997,597,0.164355577495517,0.5116382534510944,0.7282317148524727,Group2
19.59999999999997,597,0.1594461004701216,0.4561976715957484,0.7383235180668953,Group2
19.699999999999967,597,0.1546797707338246,0.5297659135983107,0.7354142357931581,Group2
19.79999999999997,597,0.15005359979555014,0.6170319985566444,0.7310370580652278,Group2
19.89999999999997,597,0.14556455583059685,0.45337480367046845,0.7516562194404239,Group2
19.999999999999968,597,0.14120957415894922,0.5592088490421884,0.7452324131845163,Group2
20.099999999999966,597,0.13698556702479928,0.5995638490980262,0.7452648292839485,Group2
20.199999999999967,597,0.1328894326896405,0.5084978899291973,0.7583498303465538,Group2
20.29999999999997,597,0.12891806385470822,0.5415442671627623,0.758936261918761,Group2
20.399999999999967,597,0.12506835543144212,0.6279270776747231,0.7541038878749623,Group2
20.499999999999964,597,0.12133721168105152,0.4617988452586315,0.7744396228529558,Group2
20.599999999999966,597,0.11772155274622062,0.5770879887344332,0.7665527808708685,Group2
20.699999999999967,597,0.11421832059952591,0.60141355198738,0.7676835981593713,Group2
20.799999999999965,597,0.11082448443429992,0.46031142608761544,0.7852806071761169,Group2
20.899999999999963,597,0.10753704552448924,0.43665081064219574,0.7910589870686375,Group2
20.999999999999964,597,0.10435304158056584,0.5067862802482024,0.7873853539798943,Group2
21.099999999999966,597,0.10126955062878264,0.3885383789441827,0.8024796988876559,Group2
21.199999999999964,597,0.0982836944410623,0.4397086870170947,0.8005638785228798,Group2
21.29999999999996,597,0.0953926415425919,0.4501997001844466,0.8026496253461851,Group2
21.399999999999963,597,0.09259360982380568,0.3886966420990219,0.811870364468989,Group2
21.499999999999964,597,0.08988386878288673,0.43517058346188964,0.8102309001724566,Group2
21.599999999999962,597,0.08726074142424652,0.5261163825214256,0.8040836205286621,Group2
21.69999999999996,597,0.08472160583765906,0.4249076871791887,0.8170929960846082,Group2
21.79999999999996,597,0.08226389648186459,0.4961159286291451,0.81280367959978,Group2
21.899999999999963,597,0.07988510519552439,0.5005352679843819,0.8151380106758056,Group2
21.99999999999996,597,0.07758278195743074,0.432910327466806,0.8246232421053397,Group2
22.09999999999996,597,0.07535453541686288,0.4493607618937961,0.8256490823521492,Group2
22.19999999999996,597,0.0731980332139465,0.556801850125411,0.8175256361821405,Group2
22.29999999999996,597,0.0711110021088289,0.46141974578935147,0.8296358795004397,Group2
22.39999999999996,597,0.0690912279374398,0.5822641580964103,0.8200763913008173,Group2
22.499999999999957,597,0.06713655541057453,0.6345070094046734,0.8173314880499076,Group2
22.59999999999996,597,0.06524488777201644,0.6050476383178767,0.8227127036166894,Group2
22.69999999999996,597,0.06341418633042116,0.6738229174254738,0.8182277778261572,Group2
22.799999999999958,597,0.061642469878713885,0.7100500059265498,0.816956381603356,Group2
22.899999999999956,597,0.05992781401381467,0.5363579068617392,0.8366369617263776,Group2
22.999999999999957,597,0.05826835036860226,0.6703297491816346,0.8255125131571479,Group2
23.09999999999996,597,0.05666226576715788,0.5376504918484627,0.8410158092225873,Group2
23.199999999999957,597,0.055107801313501785,0.6506237432498102,0.8319177203111228,Group2
23.299999999999955,597,0.053603251423243806,0.6696214158848729,0.8321822490819083,Group2
23.399999999999956,597,0.05214696280681969,0.546145650924359,0.8466603387205676,Group2
23.499999999999957,597,0.050737333412271914,0.5619061951786174,0.8471821359824363,Group2
23.599999999999955,597,0.04937281133486314,0.6538936030762205,0.8400496717579733,Group2
23.699999999999953,597,0.04805189370017863,0.48761297595661923,0.8587134879253236,Group2
23.799999999999955,597,0.04677312552677912,0.5326538905459017,0.856215645298886,Group2
23.899999999999956,597,0.04553509857390988,0.5274937305826816,0.8587093912733279,Group2
23.999999999999954,597,0.04433645017925014,0.4412736591044423,0.8692815634085247,Group2
24.09999999999995,597,0.04317586209120348,0.501124985181804,0.8652199535735321,Group2
24.199999999999953,597,0.04205205929977706,0.6318459021577298,0.8540456349410493,Group2
24.299999999999955,597,0.04096380886967738,0.49851045482505246,0.8692520660864979,Group2
24.399999999999952,597,0.039909918778863004,0.5990805792269749,0.8610438878209867,Group2
24.49999999999995,597,0.038889236765433176,0.6312578767970619,0.8596517465844901,Group2
24.59999999999995,597,0.037900649185400946,0.5053089593387142,0.8740497607474584,Group2
24.699999999999953,597,0.03694307988359207,0.5275354634850058,0.8736085199552067,Group2
24.79999999999995,597,0.03601548907962964,0.6277180833173578,0.8653506826458564,Group2
24.89999999999995,597,0.035116872270707394,0.4799014025137869,0.88187249360357,Group2
24.99999999999995,597,0.03424625915261701,0.5766969548404992,0.8739134786646732,Group2
25.09999999999995,597,0.033402712560279296,0.6004102604403776,0.873243741830433,Group2
25.19999999999995,597,0.032585327428831266,0.5608758362990295,0.8788804649476923,Group2
25.299999999999947,597,0.03179322977614269,0.6198780038006918,0.8746458276655192,Group2
25.39999999999995,597,0.031025575707472528,0.6611450859832091,0.8721675884064478,Group2
25.49999999999995,597,0.03028155044282752,0.4790276645717848,0.8920112593439529,Group2
25.599999999999948,597,0.029560367367452645,0.5993562391331309,0.8815943411516917,Group2
25.699999999999946,597,0.028861267105762728,0.6179094954618695,0.881339496813112,Group2
25.799999999999947,597,0.02818351661891663,0.5203202314444976,0.8926839596667526,Group2
25.89999999999995,597,0.02752640832613824,0.48966521068693225,0.8973205486585649,Group2
25.999999999999947,597,0.02688925924980266,0.521123493016198,0.8957318358901843,Group2
26.099999999999945,597,0.026271410184228794,0.3850132935931384,0.9108864612895031,Group2
26.199999999999946,597,0.025672224888051754,0.3712685618420403,0.9137914752830482,Group2
26.299999999999947,597,0.025091089299987625,0.27044237484224026,0.925392000005784,Group2
26.399999999999945,597,0.02452741077775124,0.22002445309642782,0.9319394782570418,Group2
26.499999999999943,597,0.023980617359840726,0.19345957748029993,0.936089832322303,Group2
26.599999999999945,597,0.02345015704986336,0.2618948475259401,0.9307287386458345,Group2
26.699999999999946,597,0.022935497123042558,0.2247986873100773,0.9359097277273063,Group2
26.799999999999944,597,0.02243612345451595,0.30653383743686735,0.9291968853937069,Group2
26.89999999999994,597,0.021951539869010776,0.3445352946196917,0.9268470592963893,Group2
26.999999999999943,597,0.02148126751146172,0.3411959225434107,0.9286212982654128,Group2
27.099999999999945,597,0.021024844238119206,0.3864658447608992,0.925524913446115,Group2
27.199999999999942,597,0.020581824027683625,0.4829379209170275,0.9172989310889181,Group2
27.29999999999994,597,0.02015177641198964,0.4140657585816774,0.92559829176455,Group2
27.39999999999994,597,0.01973428592575779,0.5110589732285435,0.9173023247513368,Group2
27.499999999999943,597,0.01932895157492563,0.5246194829356291,0.9173411189373217,Group2
27.59999999999994,597,0.018935386323066242,0.5224548346468467,0.9189441905536129,Group2
27.69999999999994,597,0.018553216595403498,0.5404592485028351,0.9185223790884888,Group2
27.79999999999994,597,0.01818208179993122,0.5899045802658083,0.9149487513801333,Group2
27.89999999999994,597,0.01782163386514847,0.5234883265664569,0.9229538014155275,Group2
27.99999999999994,597,0.017471536793924443,0.5802928069983005,0.9186295324333111,Group2
28.099999999999937,597,0.01713146623301281,0.5561173225053712,0.9223962413863533,Group2
28.19999999999994,597,0.016801109057740477,0.5462346544275115,0.9247268693279409,Group2
28.29999999999994,597,0.016480162971402458,0.5338606390285637,0.9273000442393834,Group2
28.399999999999938,597,0.01616833611890251,0.5561749345285603,0.9263980045972449,Group2
28.499999999999936,597,0.0158653467141861,0.48857190093404335,0.934481511651109,Group2
28.599999999999937,597,0.015570922681022855,0.5260670540591927,0.9320492042729196,Group2
28.69999999999994,597,0.015284801306702744,0.4891685568720122,0.9370504500647728,Group2
28.799999999999937,597,0.015006728908220976,0.47954970251404977,0.9393180972906174,Group2
28.899999999999935,597,0.014736460510536144,0.4553234206329889,0.9430410244682139,Group2
28.999999999999936,597,0.014473759536495765,0.3796081209642421,0.951907556228028,Group2
11.0,177,0.9579608688134097,0.2921071537359242,inf,Group3
11.1,177,0.9556562465186842,0.2624857276163077,inf,Group3
11.2,177,0.9532403029607864,0.2923998848659051,inf,Group3
11.299999999999999,177,0.9507088379635754,0.2598556992542513,0.11185157683340542,Group3
11.399999999999999,177,0.9480575898492353,0.310590486638412,0.10974508288613852,Group3
11.499999999999998,177,0.9452822436221884,0.37645135106192973,0.10621284991383073,Group3
11.599999999999998,177,0.9423784400925773,0.3460338995289292,0.11239836864896961,Group3
11.699999999999998,177,0.9393417859751543,0.41169407360496063,0.10906912023467374,Group3
11.799999999999997,177,0.9361678649953032,0.5274283112984507,0.10082855226233156,Group3
11.899999999999997,177,0.9328522500289671,0.40443164206324345,0.11656026077339864,Group3
11.999999999999996,177,0.9293905162973839,0.5176353814248545,0.10877421156045683,Group3
12.099999999999996,177,0.9257782556307249,0.5452376258877345,0.10965368069194134,Group3
12.199999999999996,177,0.9220110918069279,0.43457148400793394,0.12446842066769029,Group3
12.299999999999995,177,0.9180846969632227,0.42772475996756876,0.12901268057343168,Group3
12.399999999999995,177,0.9139948090680204,0.5087926436951413,0.12487992483842714,Group3
12.499999999999995,177,0.9097372504300353,0.37407883085467314,0.14244270828017463,Group3
12.599999999999994,177,0.9053079472097006,0.429658785795479,0.14109633615143935,Group3
12.699999999999994,177,0.900702949885232,0.41301366060892936,0.1470954579083334,Group3
12.799999999999994,177,0.8959184546121147,0.33809078793723346,0.15904800297779623,Group3
12.899999999999993,177,0.8909508254004742,0.34027364676244504,0.16341816865453462,Group3
12.999999999999993,177,0.8857966170198348,0.38150572043281494,0.16401401826505624,Group3
13.099999999999993,177,0.8804525985253531,0.26782678109120495,0.18023383625646555,Group3
13.199999999999992,177,0.8749157772838988,0.36707722293875816,0.17529567805183946,Group3
13.299999999999992,177,0.8691834233625707,0.41961414705043326,0.17516574449671277,Group3
13.399999999999991,177,0.8632530941266079,0.38771598071486674,0.1836179027065544,Group3
13.499999999999991,177,0.857122658878456,0.4326374138127807,0.18452817518158052,Group3
13.59999999999999,177,0.8507903233552607,0.5344859154936082,0.17988707099084553,Group3
13.69999999999999,177,0.8442546538886041,0.40144356182608887,0.19887738609536817,Group3
13.79999999999999,177,0.8375146010181594,0.535515672503468,0.1912993231480526,Group3
13.89999999999999,177,0.8305695223404997,0.6032714805532242,0.19049640852854985,Group3
13.99999999999999,177,0.823419204365823,0.5504552691957413,0.20189436335768293,Group3
14.099999999999989,177,0.8160638831492245,0.6173734713261256,0.20146237910737452,Group3
14.199999999999989,177,0.8085042634596287,0.7057828106317265,0.1990242900706427,Group3
14.299999999999988,177,0.8007415362488828,0.5372621088240974,0.22242138041003884,Group3
14.399999999999988,177,0.7927773941860701,0.6419994446641155,0.21863365738111704,Group3
14.499999999999988,177,0.7846140450279964,0.654390123742225,0.22422004499506865,Group3
14.599999999999987,177,0.7762542226062329,0.5838697669259302,0.23823506748304385,Group3
14.699999999999987,177,0.7677011952241128,0.6061414617531112,0.24310612827892086,Group3
14.799999999999986,177,0.7589587712737408,0.6367796150786789,0.2472731208227357,Group3
14.899999999999986,177,0.7500313019032899,0.43542166544335065,0.27476925545669506,Group3
14.999999999999986,177,0.7409236805885528,0.4736124562861834,0.27843662240383904,Group3
15.099999999999985,177,0.7316413394896207,0.4477074334881509,0.28863587456400575,Group3
15.199999999999985,177,0.7221902425034515,0.3865614987741199,0.3024773470368385,Group3
15.299999999999985,177,0.7125768749555286,0.40654822899764337,0.3083191424091433,Group3
15.399999999999984,177,0.7028082299084326,0.4281627115527001,0.31410685679771594,Group3
15.499999999999984,177,0.692891791101378,0.2898686474899997,0.33598888148003525,Group3
15.599999999999984,177,0.6828355125720892,0.3903741785413411,0.3340888344565145,Group3
15.699999999999983,177,0.6726477950501768,0.4515813000782782,0.33621063567927045,Group3
15.799999999999983,177,0.6623374592487871,0.40519746752167374,0.3491773651070148,Group3
15.899999999999983,177,0.6519137162180824,0.4506913210101752,0.353035710990769,Group3
15.999999999999982,177,0.6413861349594159,0.5525039834171147,0.3513348627422528,Group3
16.09999999999998,177,0.6307646075322376,0.42843098802054597,0.3722883425920455,Group3
16.19999999999998,177,0.6200593119162134,0.5019440354339881,0.37354185589302935,Group3
16.299999999999983,177,0.6092806729181869,0.504180516762962,0.3819743661698617,Group3
16.39999999999998,177,0.598439321436968,0.427311152977129,0.39836135969640923,Group3
16.49999999999998,177,0.5875460524180676,0.44639856568626957,0.40518901784983663,Group3
16.59999999999998,177,0.57661178184508,0.496085167327802,0.4089854581978858,Group3
16.69999999999998,177,0.565647503124199,0.35604118065882895,0.43177596308051097,Group3
16.79999999999998,177,0.5546642432231695,0.446504676822716,0.431529006505954,Group3
16.899999999999977,177,0.5436730189258467,0.5003823997442043,0.43494620233304215,Group3
16.99999999999998,177,0.5326847935584346,0.473752831796365,0.4464120279961257,Group3
17.09999999999998,177,0.521710434533623,0.5397984493368599,0.4486006286705555,Group3
17.199999999999978,177,0.5107606720444677,0.47553506789912514,0.4638029116678487,Group3
17.299999999999976,177,0.49984605922129677,0.4890261520609851,0.47120514333899344,Group3
17.399999999999977,177,0.4889769340425907,0.5046508877917198,0.47836216850212543,Group3
17.49999999999998,177,0.47816338326514773,0.3158304272040741,0.5059248112162111,Group3
17.599999999999977,177,0.4674152086104238,0.3776844475541362,0.5083742425506228,Group3
17.699999999999974,177,0.4567418954133063,0.38299318655818826,0.516425798999311,Group3
17.799999999999976,177,0.4461525839073019,0.3591769522893981,0.5273310515915041,Group3
17.899999999999977,177,0.4356560432867796,0.39473303139954247,0.5322341332259664,Group3
17.999999999999975,177,0.42526064865309665,0.40333795462513017,0.5397615282580969,Group3
18.099999999999973,177,0.4149743609177175,0.2516113052396697,0.5632457057225193,Group3
18.199999999999974,177,0.4048047097023127,0.3059634871138426,0.5660403544969966,Group3
18.299999999999976,177,0.39475877924381525,0.33923717392958386,0.5708562482474818,Group3
18.399999999999974,177,0.38484319728193367,0.2997920070153186,0.5828527834233365,Group3
18.49999999999997,177,0.37506412687808427,0.3559364345514181,0.5851948010635322,Group3
18.599999999999973,177,0.3654272610883934,0.4393460164204659,0.5847107600405221,Group3
18.699999999999974,177,0.35593782038964156,0.3444195734964326,0.6019571239331628,Group3
18.799999999999972,177,0.3466005527359244,0.4963662437660617,0.5944096553749131,Group3
18.89999999999997,177,0.3374197361055728,0.5689422490361447,0.594689737600262,Group3
18.99999999999997,177,0.3283991833825373,0.5006535481441837,0.6089441057066941,Group3
19.099999999999973,177,0.31954224940403514,0.5137915046330783,0.6149412749538673,Group3
19.19999999999997,177,0.31085183999674104,0.6296249087786244,0.6105523322355296,Group3
19.29999999999997,177,0.3023304228170945,0.5044436809172201,0.6301465581585336,Group3
19.39999999999997,177,0.2939800398072544,0.5929908783605499,0.6282482176322,Group3
19.49999999999997,177,0.28580232107670567,0.6012230043436513,0.634260519256385,Group3
19.59999999999997,177,0.2777985000203144,0.5469201974771054,0.6464045857936246,Group3
19.699999999999967,177,0.26996942948654196,0.6046554256503461,0.6472225234610524,Group3
19.79999999999997,177,0.26231559881429684,0.6748458465741219,0.6466722739503574,Group3
19.89999999999997,177,0.2548371515633376,0.48821069187668453,0.6716818136068838,Group3
19.999999999999968,177,0.24753390377095363,0.5748015638653413,0.6692461109737979,Group3
20.099999999999966,177,0.2404053625766354,0.5927911835110621,0.6735482389563595,Group3
20.199999999999967,177,0.23345074506635505,0.5130210538931296,0.6875045952864605,Group3
20.29999999999997,177,0.22666899719867453,0.5530858111418018,0.6893564541800806,Group3
20.399999999999967,177,0.22005881268599745,0.6436479181455559,0.6860384837496902,Group3
20.499999999999964,177,0.2136186517156642,0.4978657029025316,0.706235929064337,Group3
20.599999999999966,177,0.2073467594070893,0.6035185240536111,0.7011720826763427,Group3
20.699999999999967,177,0.201241183912585,0.6121569716768407,0.705693251871284,Group3
20.799999999999965,177,0.19529979408078152,0.4885942147648559,0.7233196115558559,Group3
20.899999999999963,177,0.18952029661250114,0.4553920220954929,0.7317965901616995,Group3
20.999999999999964,177,0.18390025264948615,0.5159577688713062,0.7307851573693398,Group3
21.099999999999966,177,0.17843709374641378,0.40453593670740023,0.7468626629289923,Group3
21.199999999999964,177,0.17312813718611403,0.42490863505226034,0.7496527737978271,Group3
21.29999999999996,177,0.16797060060676594,0.3988695452461271,0.756978069495095,Group3
21.399999999999963,177,0.16296161591806738,0.35831667260926,0.7656507571519819,Group3
21.499999999999964,177,0.15809824249091398,0.36454395478321017,0.7695435014447054,Group3
21.599999999999962,177,0.1533774796119938,0.3953318850012595,0.7708803535492558,Group3
21.69999999999996,177,0.14879627820089428,0.30639878447002733,0.7840916157012597,Group3
21.79999999999996,177,0.14435155179284673,0.36772990632126534,0.7821809231128803,Group3
21.899999999999963,177,0.14004018679510996,0.400275562090669,0.7830554241454668,Group3
21.99999999999996,177,0.1358590520292532,0.4022334106651561,0.7868975447352289,Group3
22.09999999999996,177,0.13180500757526625,0.4736809903673078,0.7837017289939155,Group3
22.19999999999996,177,0.12787491293653358,0.5865746290079167,0.7762745424880789,Group3
22.29999999999996,177,0.12406563454729412,0.4796653401292226,0.790743077359527,Group3
22.39999999999996,177,0.1203740526463133,0.5920226219648748,0.7832025676177594,Group3
22.499999999999957,177,0.11679706754215755,0.6256694333074313,0.7834528871675238,Group3
22.59999999999996,177,0.11333160529671356,0.5723195223898186,0.7923248129422071,Group3
22.69999999999996,177,0.10997462285448935,0.5938933724032964,0.7936284267615273,Group3
22.799999999999958,177,0.1067231126457938,0.5874735420245558,0.7976575780565993,Group3
22.899999999999956,177,0.1035741066921676,0.39045902071833893,0.8206744454658703,Group3
22.999999999999957,177,0.10052468024245569,0.4883076416170963,0.8141352930019043,Group3
23.09999999999996,177,0.09757195496770407,0.38042660058986566,0.8281014159080647,Group3
23.199999999999957,177,0.09471310174266889,0.42353002917629745,0.826903381418057,Group3
23.299999999999955,177,0.09194534304116561,0.3911913854358742,0.8331857879942628,Group3
23.399999999999956,177,0.08926595497179339,0.3073971107369328,0.8445518982238288,Group3
23.499999999999957,177,0.0866722689797576,0.2987219375721071,0.8483461068458473,Group3
23.599999999999955,177,0.08416167323962151,0.35762394602182274,0.8453244341300823,Group3
23.699999999999953,177,0.08173161376284796,0.26281445232381395,0.8576175362447356,Group3
23.799999999999955,177,0.07937959524297515,0.3397668194649256,0.8526798236056465,Group3
23.899999999999956,177,0.07710318166021427,0.37496343259471443,0.8518647629117114,Group3
23.999999999999954,177,0.07489999666617816,0.3403660287606556,0.8579778439020536,Group3
24.09999999999995,177,0.07276772376836449,0.3706173638553554,0.8575564125321642,Group3
24.199999999999953,177,0.07070410633292769,0.4911999716956782,0.848053795064049,Group3
24.299999999999955,177,0.06870694742319361,0.3922677502723894,0.8604561395543029,Group3
24.399999999999952,177,0.06677410949031148,0.4136326372801843,0.8607837485176519,Group3
24.49999999999995,177,0.06490351393139601,0.3820590443683364,0.8663616358111886,Group3
24.59999999999995,177,0.06309314052950307,0.35513732475542403,0.8714321802649161,Group3
24.699999999999953,177,0.061341026788803286,0.40698941472093103,0.8685845619979662,Group3
24.79999999999995,177,0.059645267177372334,0.48126285914618844,0.8634553603945534,Group3
24.89999999999995,177,0.05800401228911539,0.35037753778145647,0.8788038820639175,Group3
24.99999999999995,177,0.056415467935474625,0.4641598211233218,0.8696487458883906,Group3
25.09999999999995,177,0.05487789417674604,0.5283755774681549,0.8654145829961285,Group3
25.19999999999995,177,0.05338960430204647,0.5247145197557073,0.8679336027907739,Group3
25.299999999999947,177,0.05194896376623349,0.6010081890065929,0.8624237953518656,Group3
25.39999999999995,177,0.05055438909137843,0.6722943932017411,0.8573824883158605,Group3
25.49999999999995,177,0.04920434673973533,0.495324554493892,0.8771356129439065,Group3
25.599999999999948,177,0.04789735196452828,0.6494671291002906,0.8637473629370229,Group3
25.699999999999946,177,0.04663196764430193,0.689260718086732,0.8617648841736483,Group3
25.799999999999947,177,0.04540680310603608,0.6100460329604075,0.8716550789741779,Group3
25.89999999999995,177,0.044220512941720656,0.6144333840171003,0.8731578580946405,Group3
25.999999999999947,177,0.04307179582261723,0.6976415156699209,0.8667522580238418,Group3
26.099999999999945,177,0.0419593933149956,0.5974927737315814,0.8786569250841221,Group3
26.199999999999946,177,0.04088208870073119,0.6769910208847766,0.8725723247098988,Group3
26.299999999999947,177,0.03983870580577135,0.661851374265172,0.8759277685094423,Group3
26.399999999999945,177,0.0388281078391366,0.6306711227746026,0.8808643233462548,Group3
26.499999999999943,177,0.037849196244801465,0.6553900548989717,inf,Group3
26.599999999999945,177,0.03690090956850949,0.7001242478522518,inf,Group3
26.699999999999946,177,0.03598222234130679,0.592692821935991,inf,Group3
26.799999999999944,177,0.035092143981332403,0.657871989189787,inf,Group3
26.89999999999994,177,0.03422971771518031,0.6334999534937215,inf,Group3
26.999999999999943,177,0.03339401951994218,0.5998843365559475,inf,Group3
27.099999999999945,177,0.03258415708685282,0.5960259152497499,inf,Group3
27.199999999999942,177,0.031799268807292405,0.6236447399279131,inf,Group3
27.29999999999994,177,0.031038522781744616,0.5379265845485846,inf,Group3
27.39999999999994,177,0.03030111585217192,0.5931518346564613,inf,Group3
27.499999999999943,177,0.029586272658145313,0.5674314485655404,inf,Group3
27.59999999999994,177,0.02889324471695021,0.5553831855838587,inf,Group3
27.69999999999994,177,0.02822130952779431,0.5466583820139943,inf,Group3
27.79999999999994,177,0.027569769700148582,0.5722320416014499,inf,Group3
27.89999999999994,177,0.0269379521061766,0.49566795592147483,inf,Group3
27.99999999999994,177,0.02632520705713317,0.5428411417303315,inf,Group3
28.099999999999937,177,0.02573090750355293,0.5132106943202237,inf,Group3
28.19999999999994,177,0.025154448258993482,0.5092944720578321,inf,Group3
28.29999999999994,177,0.02459524524704964,0.49795827737319026,inf,Group3
28.399999999999938,177,0.02405273477131455,0.5326163147347716,inf,Group3
28.499999999999936,177,0.023526372807925414,0.46601827802208834,inf,Group3
28.599999999999937,177,0.023015634320304186,0.5131618643503629,inf,Group3
28.69999999999994,177,0.02252001259567426,0.4851414725799702,inf,Group3
28.799999999999937,177,0.022039018602914857,0.47552208590806344,inf,Group3
28.899999999999935,177,0.02157218037129655,0.452554818790277,inf,Group3
28.999999999999936,177,0.021119042389626672,0.3530899865895099,inf,Group3
11.0,5,0.9824599666202252,0.14412540474956342,inf,Group4
11.1,5,0.9813970965970095,0.14219049075574722,inf,Group4
11.2,5,0.9802748577948703,0.11608949023545323,inf,Group4
11.299999999999999,5,0.9790903260254616,0.12900319170829316,inf,Group4
11.399999999999999,5,0.9778404654024813,0.14133403103550696,inf,Group4
11.499999999999998,5,0.9765221269984188,0.17781800051307733,inf,Group4
11.599999999999998,5,0.9751320478062666,0.18579595488191827,inf,Group4
11.699999999999998,5,0.9736668500454151,0.21931802103738765,inf,Group4
11.799999999999997,5,0.9721230408534642,0.36544511921556766,inf,Group4
11.899999999999997,5,0.97049701240819,0.27183566013423793,inf,Group4
11.999999999999996,5,0.9687850425263479,0.42714714864875913,inf,Group4
12.099999999999996,5,0.9669832957883496,0.5163594389468287,inf,Group4
12.199999999999996,5,0.965087825240073,0.4634308630050869,inf,Group4
12.299999999999995,5,0.9630945747250941,0.5898808747388837,inf,Group4
12.399999999999995,5,0.9609993819024437,0.760730951028461,inf,Group4
12.499999999999995,5,0.9587979820064799,0.6091539395356804,inf,Group4
12.599999999999994,5,0.956486012406623,0.8096037631379669,inf,Group4
12.699999999999994,5,0.9540590180253933,0.8728237535970255,inf,Group4
12.799999999999994,5,0.951512457673396,0.736672525583138,inf,Group4
12.899999999999993,5,0.9488417113594894,0.8067316048899494,inf,Group4
12.999999999999993,5,0.9460420886332959,0.9154457283305988,inf,Group4
13.099999999999993,5,0.9431088380153527,0.7982705028912231,0.08333009643346401,Group4
13.199999999999992,5,0.9400371575674888,0.9008709019707559,0.0763313439501265,Group4
13.299999999999992,5,0.9368222066523206,0.8386988408077706,0.08591012681815398,Group4
13.399999999999991,5,0.9334591189260337,0.7840562840687347,0.09483965501156945,Group4
13.499999999999991,5,0.929943016602737,0.8458111824266636,0.09223654791319541,Group4
13.59999999999999,5,0.9262690260215617,0.9011616707442078,0.09038440359937483,Group4
13.69999999999999,5,0.9224322945392689,0.7830376661113503,0.10599362721137658,Group4
13.79999999999999,5,0.918428008761339,0.9141852195375655,0.09679298302441723,Group4
13.89999999999999,5,0.914251414113302,0.8711310456164512,0.1051331277812656,Group4
13.99999999999999,5,0.9098978357414094,0.8108085638596263,0.11532399192838405,Group4
14.099999999999989,5,0.9053627007176003,0.757725359069731,0.12491801803515107,Group4
14.199999999999989,5,0.9006415615081483,0.5930790934082952,0.14579855315902218,Group4
14.299999999999988,5,0.8957301206483799,0.28762290159725545,0.18089329205307508,Group4
14.399999999999988,5,0.8906242565475582,0.20541590619618755,0.19379920757486818,Group4
14.499999999999988,5,0.8853200503285216,0.10127197894819875,0.20903765576410377,Group4
14.599999999999987,5,0.8798138135861372,0.14522911227852778,0.2096074192618511,Group4
14.699999999999987,5,0.8741021169272611,0.1219387621616935,0.21704575304585877,Group4
14.799999999999986,5,0.8681818191329758,0.1544014621497604,0.21905480261416296,Group4
14.899999999999986,5,0.8620500967616627,0.10970447934177623,0.2289278176659918,Group4
14.999999999999986,5,0.8557044739893691,0.1372263180097493,0.23172868085091097,Group4
15.099999999999985,5,0.8491428524622769,0.09476197446777285,0.24167936138518437,Group4
15.199999999999985,5,0.8423635409153649,0.09980669358462645,0.24703151866744844,Group4
15.299999999999985,5,0.835365284292032,0.05850346221308851,0.25717173255204634,Group4
15.399999999999984,5,0.8281472920820055,0.09801383125765117,0.2593844013057196,Group4
15.499999999999984,5,0.8207092655798498,0.07991016026347578,0.26751249806775745,Group4
15.599999999999984,5,0.8130514237543143,0.13716763367084067,0.2682583511160069,Group4
15.699999999999983,5,0.8051745274101805,0.11614405434775552,0.2769856476003202,Group4
15.799999999999983,5,0.7970799013196445,0.11156776928741392,0.2842206254808407,Group4
15.899999999999983,5,0.7887694540001247,0.05696164178625497,0.2966096624657315,Group4
15.999999999999982,5,0.7802456948200969,0.12984051219782325,0.2963995179617052,Group4
16.09999999999998,5,0.77151174812448,0.12157169265431292,0.3044512737140992,Group4
16.19999999999998,5,0.7625713640865011,0.17568518354168894,0.306409304563058,Group4
16.299999999999983,5,0.7534289260139901,0.1368605140756395,0.3178025892715317,Group4
16.39999999999998,5,0.7440894538647326,0.15601676584342689,0.32353570571034435,Group4
16.49999999999998,5,0.7345586037577416,0.10110558300314251,0.33680953018037757,Group4
16.59999999999998,5,0.7248426633048713,0.11929158798072534,0.3429031991107395,Group4
16.69999999999998,5,0.7149485426296687,0.07940791628454794,0.35492856186411026,Group4
16.79999999999998,5,0.7048837609872367,0.10979257780634075,0.36004655397274443,Group4
16.899999999999977,5,0.6946564289494995,0.08768755465447853,0.3705272998254578,Group4
16.99999999999998,5,0.684275226173771,0.16136714396815247,0.3715372939482115,Group4
17.09999999999998,5,0.6737493748280465,0.1502874170957945,0.3811244736885655,Group4
17.199999999999978,5,0.6630886088029326,0.20874545187405175,0.3838523175394306,Group4
17.299999999999976,5,0.6523031388964989,0.17169650616653326,0.39621815215579714,Group4
17.399999999999977,5,0.641403614213463,0.171352785124392,0.4049933026492476,Group4
17.49999999999998,5,0.6304010800728392,0.10042804120962454,0.42089866205027204,Group4
17.599999999999977,5,0.6193069327673688,0.1556742491509037,0.4242510554810845,Group4
17.699999999999974,5,0.6081328715626534,0.21462359173202064,0.4272890751773847,Group4
17.799999999999976,5,0.5968908483629279,0.28130836541059834,0.4296011251604459,Group4
17.899999999999977,5,0.5855930155029745,0.39714702507555977,0.4270368533070283,Group4
17.999999999999975,5,0.5742516721510827,0.5210765982573944,0.4236939474462801,Group4
18.099999999999973,5,0.5628792098256743,0.3413832107946496,0.4507351209314517,Group4
18.199999999999974,5,0.5514880575378287,0.49429847419059725,0.4445285123044599,Group4
18.299999999999976,5,0.5400906270733459,0.5858880807263461,0.44445886408713414,Group4
18.399999999999974,5,0.5286992589211755,0.4702007626619148,0.4651126647112076,Group4
18.49999999999997,5,0.5173261693403008,0.5757190917966692,0.46363310561545545,Group4
18.599999999999973,5,0.5059833990348552,0.7002260373364957,0.460233461386396,Group4
18.699999999999974,5,0.4946827638780292,0.5205025266385088,0.487227368177084,Group4
18.799999999999972,5,0.4834358080899069,0.73474358063555,0.47478724294017655,Group4
18.89999999999997,5,0.47225376023363397,0.8269879013067092,0.4745013554835628,Group4
18.99999999999997,5,0.4611474923492457,0.6608103798941959,0.500004606254997,Group4
19.099999999999973,5,0.45012748249608847,0.6831447040036096,0.5065962918523768,Group4
19.19999999999997,5,0.4392037809241279,0.8370075587733975,0.49996770858688155,Group4
19.29999999999997,5,0.4283859800426262,0.6339515006381875,0.5289568861285648,Group4
19.39999999999997,5,0.41768318830271356,0.7313644103303274,0.5278186604884008,Group4
19.49999999999997,5,0.4071040080592666,0.7438530644801883,0.5350863323549386,Group4
19.59999999999997,5,0.3966565174281379,0.639576419348125,0.5539383514210462,Group4
19.699999999999967,5,0.38634825610798834,0.7106369635442524,0.5551591910366491,Group4
19.79999999999997,5,0.3761862150924002,0.8368767195458784,0.5507597552585095,Group4
19.89999999999997,5,0.36617683015822716,0.5989606959418805,0.5826690381839414,Group4
19.999999999999968,5,0.356325978980654,0.662654475791092,0.5843063671344325,Group4
20.099999999999966,5,0.3466389816945582,0.6426536634725173,0.5941984575776681,Group4
20.199999999999967,5,0.3371206046956483,0.5266295888092917,0.6135748400543389,Group4
20.29999999999997,5,0.32777506745356993,0.5934319717229081,0.6145475889435432,Group4
20.399999999999967,5,0.318606052092703,0.6839868905871244,0.6130215189208396,Group4
20.499999999999964,5,0.3096167154845756,0.45349450607142294,0.64347440410921,Group4
20.599999999999966,5,0.3008097035884653,0.5914204264697676,0.6369578315077637,Group4
20.699999999999967,5,0.2921871677735732,0.602298262906711,0.643016934045605,Group4
20.799999999999965,5,0.2837507828567848,0.427535145025747,0.6675098263865644,Group4
20.899999999999963,5,0.2755017665941069,0.3927608657331663,0.6778726768108081,Group4
20.999999999999964,5,0.26744090037095786,0.4591650615509396,0.6779859746963462,Group4
21.099999999999966,5,0.259568550846187,0.30884897896205,0.699639338733686,Group4
21.199999999999964,5,0.2518846923165684,0.3578082140716119,0.7012332273045738,Group4
21.29999999999996,5,0.24438892958214087,0.3776274405407435,0.705609449682871,Group4
21.399999999999963,5,0.23708052110775507,0.3606264098829846,0.713536549791828,Group4
21.499999999999964,5,0.22995840229213696,0.5423162396802528,0.7014641610941451,Group4
21.599999999999962,5,0.2230212086723597,0.8448928968594428,0.6771736420211814,Group4
21.69999999999996,5,0.2162672989085129,0.726219739804454,0.6948798056724841,Group4
21.79999999999996,5,0.20969477741025785,0.8978535393840861,0.6834283018744104,Group4
21.899999999999963,5,0.2033015164836512,0.8586783213007523,0.6929322174424796,Group4
21.99999999999996,5,0.1970851778928635,0.8500895376928017,0.6992536439279371,Group4
22.09999999999996,5,0.1910432337470607,0.8586783213007537,0.703735237580315,Group4
22.19999999999996,5,0.1851729866376008,0.8956598502639412,0.7052573687717293,Group4
22.29999999999996,5,0.17947158896471208,0.8158163667487106,0.7183438066053855,Group4
22.39999999999996,5,0.17393606140589518,0.8939182546171859,0.7155195982208211,Group4
22.499999999999957,5,0.16856331049036555,0.8557539546768963,0.7242080649668319,Group4
22.59999999999996,5,0.16335014525489394,0.9053715042013544,0.7240066367903272,Group4
22.69999999999996,5,0.15829329296640493,0.9130174819511165,0.7278929467284045,Group4
22.799999999999958,5,0.1533894139056602,0.906620938225587,0.73307642755459,Group4
22.899999999999956,5,0.14863511521431133,0.8010523232642509,0.7480724092457788,Group4
22.999999999999957,5,0.14402696381459118,0.9233809636372804,0.7401763622993909,Group4
23.09999999999996,5,0.13956149841695492,0.7565020307439395,0.7611011924781815,Group4
23.199999999999957,5,0.13523524063615308,0.9112685897121757,0.7497640281390303,Group4
23.299999999999955,5,0.13104470524056128,0.867909159256973,0.7581444570725757,Group4
23.399999999999956,5,0.12698640956317336,0.7553055918362268,0.7733567318999333,Group4
23.499999999999957,5,0.1230568821055346,0.842290103518485,0.7685200610631657,Group4
23.599999999999955,5,0.11925267036813632,0.8929770038440544,0.7672254303578987,Group4
23.699999999999953,5,0.11557034794245076,0.7076111737858767,0.7894507501728075,Group4
23.799999999999955,5,0.11200652090092841,0.9117705397413645,0.7726406036174354,Group4
23.899999999999956,5,0.1085578335219688,0.9050674308924554,inf,Group4
23.999999999999954,5,0.10522097338715217,0.7815434571625307,inf,Group4
24.09999999999995,5,0.10199267588796068,0.8304457823816149,inf,Group4
24.199999999999953,5,0.0988697281788449,0.9323169500401448,inf,Group4
24.299999999999955,5,0.0958489726128663,0.791671698779053,inf,Group4
24.399999999999952,5,0.09292730969531279,0.9069649067888566,inf,Group4
24.49999999999995,5,0.09010170058966885,0.8459991838156873,inf,Group4
24.59999999999995,5,0.08736916920916442,0.7681877689374265,inf,Group4
24.699999999999953,5,0.08472680392586629,0.8362398790515293,inf,Group4
24.79999999999995,5,0.08217175892791675,0.8758154494867434,inf,Group4
24.89999999999995,5,0.07970125525412705,0.7374431869883372,inf,Group4
24.99999999999995,5,0.07731258153367626,0.8790832686739108,inf,Group4
25.09999999999995,5,0.07500309445720728,0.8557539546768946,inf,Group4
25.19999999999995,5,0.07277021900413619,0.861877283098195,inf,Group4
25.299999999999947,5,0.07061144844953554,0.9366538742522668,inf,Group4
25.39999999999995,5,0.0685243441725092,0.9425348502639697,inf,Group4
25.49999999999995,5,0.06650653528657209,0.7652461972622343,inf,Group4
25.599999999999948,5,0.06455571811117208,0.9378535609012093,inf,Group4
25.699999999999946,5,0.06266965550217121,0.9130174819511202,inf,Group4
25.799999999999947,5,0.060846176057821576,0.8423967176555383,inf,Group4
25.89999999999995,5,0.05908317321555051,0.855753954676918,inf,Group4
25.999999999999947,5,0.05737860425369675,0.9067811361603433,inf,Group4
26.099999999999945,5,0.05573048921122853,0.7937322217640039,inf,Group4
26.199999999999946,5,0.05413690973742239,0.9034723502639512,inf,Group4
26.299999999999947,5,0.05259600788247705,0.8557539546769053,inf,Group4
26.399999999999945,5,0.051105984839103225,0.8235590454376659,inf,Group4
26.499999999999943,5,0.049665099644243926,0.8586783213007584,inf,Group4
26.599999999999945,5,0.048271667849251555,0.8956598502639477,inf,Group4
26.699999999999946,5,0.04692406016607481,0.7891776316667901,inf,Group4
26.799999999999944,5,0.04562070109628345,0.8939182546171927,inf,Group4
26.89999999999994,5,0.04436006754908942,0.8557539546769031,inf,Group4
26.999999999999943,5,0.04314068745389614,0.778469929310121,inf,Group4
27.099999999999945,5,0.04196113837232961,0.7541233530315948,inf,Group4
27.199999999999942,5,0.04082004611416899,0.7667245938041662,inf,Group4
27.29999999999994,5,0.039716083361102064,0.5977919851523741,inf,Group4
27.39999999999994,5,0.038647968301772695,0.6653642489610535,inf,Group4
27.499999999999943,5,0.03761446328117308,0.6327203559712786,inf,Group4
27.59999999999994,5,0.036614373467045144,0.5166937805040942,inf,Group4
27.69999999999994,5,0.035646545535608844,0.5496491235424898,inf,Group4
27.79999999999994,5,0.03470986637860984,0.6524670874726193,inf,Group4
27.89999999999994,5,0.03380326183338962,0.456176627357312,inf,Group4
27.99999999999994,5,0.03292569543741201,0.5745044435683961,inf,Group4
28.099999999999937,5,0.03207616720844038,0.6165036598988993,inf,Group4
28.19999999999994,5,0.03125371245133897,0.4982833953109238,inf,Group4
28.29999999999994,5,0.03045740059227533,0.5402826116414199,inf,Group4
28.399999999999938,5,0.02968633404092159,0.6586104278525035,inf,Group4
28.499999999999936,5,0.02893964708109103,0.4640615633839545,inf,Group4
28.599999999999937,5,0.028216504790104534,0.5823893795950319,inf,Group4
28.69999999999994,5,0.027516101987051712,0.6243885959255289,inf,Group4
28.799999999999937,5,0.02683766220999585,0.506168331337564,inf,Group4
28.899999999999935,5,0.02618043672207338,0.548167547668069,inf,Group4
28.999999999999936,5,0.02554370354634474,0.38946420250821073,inf,Group4
11.0,9,0.9891963515722784,0.45043881477543724,inf,Group5
11.1,9,0.9885052604552137,0.3708761760248087,inf,Group5
11.2,9,0.9877728369949761,0.3593060350361448,inf,Group5
11.299999999999999,9,0.9869968340771026,0.3220184877652773,inf,Group5
11.399999999999999,9,0.9861749009469438,0.3467102716515974,inf,Group5
11.499999999999998,9,0.9853045800914274,0.3785508334247059,inf,Group5
11.599999999999998,9,0.984383304198104,0.3504887921278138,inf,Group5
11.699999999999998,9,0.9834083932154072,0.36249861567915637,inf,Group5
11.799999999999997,9,0.9823770515404997,0.42638020539575533,inf,Group5
11.899999999999997,9,0.9812863653636518,0.33608263629909885,inf,Group5
11.999999999999996,9,0.9801333002008086,0.4352375556866122,inf,Group5
12.099999999999996,9,0.9789146986488263,0.4185477459783575,inf,Group5
12.199999999999996,9,0.9776272784007942,0.405752887256307,inf,Group5
12.299999999999995,9,0.9762676305618935,0.4084818900204904,inf,Group5
12.399999999999995,9,0.9748322183093436,0.4712885804068794,inf,Group5
12.499999999999995,9,0.9733173759431527,0.3752461966738369,inf,Group5
12.599999999999994,9,0.9717193083775597,0.4657688556444385,inf,Group5
12.699999999999994,9,0.9700340911262353,0.43224446869058886,inf,Group5
12.799999999999994,9,0.9682576708374184,0.3886084249057215,inf,Group5
12.899999999999993,9,0.9663858664381867,0.3714709011599935,0.10749391448838104,Group5
12.999999999999993,9,0.9644143709499229,0.42774961885672497,0.10435720067160356,Group5
13.099999999999993,9,0.9623387540396937,0.353257456070961,0.11437045989845154,Group5
13.199999999999992,9,0.9601544653746161,0.429825959777143,0.10935372270449872,Group5
13.299999999999992,9,0.9578568388482999,0.4082817291988351,0.11422759544186209,Group5
13.399999999999991,9,0.9554410977500046,0.40001663607095844,0.11785623463456747,Group5
13.499999999999991,9,0.9529023609481754,0.3995654503610694,0.1207895800779479,Group5
13.59999999999999,9,0.9502356501603847,0.4557168896476742,0.11815224481185219,Group5
13.69999999999999,9,0.9474358983813457,0.3345225255777322,0.1333426185752847,Group5
13.79999999999999,9,0.9444979595394138,0.3482572082449835,0.13513681860902302,Group5
13.89999999999999,9,0.94141661944977,0.23418603140956776,0.14981198546642635,Group5
13.99999999999999,9,0.9381866081291493,0.2373935290255607,0.1528633547403727,Group5
14.099999999999989,9,0.9348026135324076,0.16883910366761867,0.16319870460499725,Group5
14.199999999999989,9,0.9312592967652975,0.16932227990692397,0.1667418198291548,Group5
14.299999999999988,9,0.9275513088204215,0.0974885729076665,0.17763189320160486,Group5
14.399999999999988,9,0.9236733088743332,0.11407837196789167,0.17979862436895522,Group5
14.499999999999988,9,0.9196199841730726,0.07085144145174928,0.18806975582256305,Group5
14.599999999999987,9,0.9153860715209426,0.13595067234298513,0.1856346827010415,Group5
14.699999999999987,9,0.9109663803730244,0.11562692394720549,0.19187195245527344,Group5
14.799999999999986,9,0.9063558175157047,0.15568025488281548,0.19220512447294727,Group5
14.899999999999986,9,0.9015494133013908,0.10811454474359095,0.20143728954800047,Group5
14.999999999999986,9,0.8965423493835907,0.13977603009929154,0.20288719686600165,Group5
15.099999999999985,9,0.8913299878767482,0.09404227285635952,0.21222033675619567,Group5
15.199999999999985,9,0.885907901841746,0.12583067437385698,0.21394806794005872,Group5
15.299999999999985,9,0.8802719069729784,0.08689348370412313,0.22289809452628043,Group5
15.399999999999984,9,0.8744180943366208,0.11730034855655079,0.22506618799759917,Group5
15.499999999999984,9,0.8683428639824187,0.0816005397456637,0.23399994123774037,Group5
15.599999999999984,9,0.8620429592234015,0.12739823807260342,0.23494121584746958,Group5
15.699999999999983,9,0.8555155013497553,0.10073985293813784,0.24328738598357952,Group5
15.799999999999983,9,0.8487580245151989,0.14416684388906387,0.24478603178378752,Group5
15.899999999999983,9,0.8417685105071112,0.10424983568809626,0.25478150352065676,Group5
15.999999999999982,9,0.8345454230859691,0.15868700209380493,0.2555050591859964,Group5
16.09999999999998,9,0.8270877415560215,0.1197462178649229,0.26573062579095913,Group5
16.19999999999998,9,0.8193949932082252,0.17681842487759847,0.2665194400442602,Group5
16.299999999999983,9,0.8114672842590156,0.13093840545619936,0.2777679493619578,Group5
16.39999999999998,9,0.8033053288951775,0.144354671023285,0.283250802671047,Group5
16.49999999999998,9,0.7949104760266247,0.08365220203973961,0.2963085576884997,Group5
16.59999999999998,9,0.7862847333459579,0.10807061403370466,0.30101584747668103,Group5
16.69999999999998,9,0.7774307882968253,0.07297713882276352,0.3118340676432791,Group5
16.79999999999998,9,0.7683520255628865,0.10338781064670316,0.3162592454857534,Group5
16.899999999999977,9,0.7590525407060031,0.07447872604021749,0.32677090445733137,Group5
16.99999999999998,9,0.7495371496063934,0.15621972443188764,0.3263686894990023,Group5
17.09999999999998,9,0.7398113933890108,0.1377169991866296,0.336138102486807,Group5
17.199999999999978,9,0.7298815385593135,0.1977691788601172,0.33819489401135755,Group5
17.299999999999976,9,0.7197545721176059,0.14379199215994382,0.35179260030168125,Group5
17.399999999999977,9,0.7094381914738203,0.13494784505904048,0.3610095925735326,Group5
17.49999999999998,9,0.6989407890433157,0.06306666692525577,0.3766570031993755,Group5
17.599999999999977,9,0.6882714314681627,0.10555551230734342,0.3809877800748848,Group5
17.699999999999974,9,0.6774398334764112,0.0840892639849446,0.39182763461246184,Group5
17.799999999999976,9,0.6664563264628014,0.1670643009380251,0.3923296969377919,Group5
17.899999999999977,9,0.6553318219469175,0.14415451818256414,0.4035189394855677,Group5
17.999999999999975,9,0.6440777701374487,0.12775627325625638,0.41414771135593775,Group5
18.099999999999973,9,0.6327061139024662,0.05406094042679614,0.4305885151144827,Group5
18.199999999999974,9,0.6212292385138932,0.07567442933217208,0.4375720901070572,Group5
18.299999999999976,9,0.6096599175980894,0.054063287505538064,0.44894284004189444,Group5
18.399999999999974,9,0.598011255782203,0.07567620880839902,0.4560467222938399,Group5
18.49999999999997,9,0.5862966285763479,0.05406554438974864,0.4675191388909147,Group5
18.599999999999973,9,0.5745296200734686,0.15577882595937007,0.466695827797079,Group5
18.699999999999974,9,0.5627239590810491,0.13416720852894615,0.4782320633459263,Group5
18.799999999999972,9,0.5508934543207542,0.2793313743948729,0.47310811120265117,Group5
18.89999999999997,9,0.5390519293432656,0.30414294214173776,0.48002713302331756,Group5
18.99999999999997,9,0.527213157805676,0.26094726115003214,0.4937449523099122,Group5
19.099999999999973,9,0.5153907997479591,0.21131108337400403,0.5080953318390279,Group5
19.19999999999997,9,0.5035983394835875,0.3130802392221791,0.5072842495503816,Group5
19.29999999999997,9,0.4918490256878921,0.23002428952482867,0.5249254752882144,Group5
19.39999999999997,9,0.4801558142271875,0.26294995112485275,0.5309292682618166,Group5
19.49999999999997,9,0.4685313142230095,0.22276702247697766,0.5441958222406397,Group5
19.59999999999997,9,0.4569877377903291,0.2583438812739423,0.5498297509749307,Group5
19.699999999999967,9,0.44553685382769953,0.2666096665993308,0.5581299023273436,Group5
19.79999999999997,9,0.4341899461723584,0.3409137111883399,0.5597534443382925,Group5
19.89999999999997,9,0.42295777636591375,0.2745078326067397,0.5753676621720749,Group5
19.999999999999968,9,0.4118505512078256,0.3119661471720049,0.5805079994373212,Group5
20.099999999999966,9,0.4008778952058945,0.28428103226811746,0.5920684812401729,Group5
20.199999999999967,9,0.39004882796675344,0.3397582059368982,0.5952122220518046,Group5
20.29999999999997,9,0.3793717465060824,0.3352083435203852,0.6042522764270369,Group5
20.399999999999967,9,0.3688544123990434,0.401265636050313,0.6061197921600824,Group5
20.499999999999964,9,0.3585039436371438,0.3273399456056957,0.621868800448985,Group5
20.599999999999966,9,0.34832681100904783,0.4481240722889885,0.618025491731434,Group5
20.699999999999967,9,0.3383288387803461,0.4374936119784407,0.6271982294336911,Group5
20.799999999999965,9,0.32851520941124845,0.425495359591905,0.636378706341824,Group5
20.899999999999963,9,0.31889047202176396,0.38005525107133115,0.6487711444776317,Group5
20.999999999999964,9,0.30945855429116353,0.45902834782224233,0.648587288325072,Group5
21.099999999999966,9,0.30022277746220727,0.43099849947313645,0.6589664280513632,Group5
21.199999999999964,9,0.291185874110493,0.4779952507665016,0.6617036963793376,Group5
21.29999999999996,9,0.28235000833494034,0.46614708927197007,0.6701847296827887,Group5
21.399999999999963,9,0.273716798026388,0.5142906107312799,0.6725247358639557,Group5
21.499999999999964,9,0.26528733887698763,0.5353287358166084,0.677432655871114,Group5
21.599999999999962,9,0.2570622298029747,0.6152049543392502,0.67631372148177,Group5
21.69999999999996,9,0.2490415994668432,0.5499222579619594,0.6895675434659023,Group5
21.79999999999996,9,0.24122513360135944,0.6474420688154374,0.6863981995975043,Group5
21.899999999999963,9,0.2336121028566004,0.6179299936866464,0.6957896397428258,Group5
21.99999999999996,9,0.22620139091173197,0.5548146111932756,0.7083997874646818,Group5
22.09999999999996,9,0.21899152261501234,0.5138406716913093,0.7186552003336932,Group5
22.19999999999996,9,0.21198069193801466,0.5209904492925034,0.7239589151585833,Group5
22.29999999999996,9,0.20516678955285533,0.399693547323187,0.7419694481362376,Group5
22.39999999999996,9,0.19854742986391433,0.4488318032477745,0.7428002854371487,Group5
22.499999999999957,9,0.1921199773477937,0.38618386937429655,0.754675406696892,Group5
22.59999999999996,9,0.1858815720767763,0.4004430245433685,0.7587274859808083,Group5
22.69999999999996,9,0.17982915432162275,0.35546450500154003,0.7685731414747096,Group5
22.799999999999958,9,0.17395948814894532,0.3243378998320107,0.776905679423648,Group5
22.899999999999956,9,0.16826918394654478,0.1961340586725969,0.7948203875923807,Group5
22.999999999999957,9,0.1627547198268403,0.26349405237360973,0.7930556242171837,Group5
23.09999999999996,9,0.15741246187383695,0.21178935134344243,0.8030767859984139,Group5
23.199999999999957,9,0.15223868321292944,0.23993655749997225,0.8049948215565073,Group5
23.299999999999955,9,0.14722958189523144,0.1863951652582918,0.814966442814175,Group5
23.399999999999956,9,0.14238129759908866,0.2309309414971809,0.8150177753086972,Group5
23.499999999999957,9,0.13768992716099784,0.21734156267719995,0.8207717836084698,Group5
23.599999999999955,9,0.13315153895642373,0.30089562495680094,0.8167043602348228,Group5
23.699999999999953,9,0.1287621861580043,0.249899558741301,0.8259876249263776,Group5
23.799999999999955,9,0.1245179189044825,0.32712513814297134,0.8223471651747869,Group5
23.899999999999956,9,0.12041479541846699,0.33735759741465243,0.8253072167989407,Group5
23.999999999999954,9,0.11644889211490367,0.3367894373286901,0.8292512762311424,Group5
24.09999999999995,9,0.1126163127450283,0.35046570099799307,0.8316775665342357,Group5
24.199999999999953,9,0.10891319662265765,0.5049543959149728,0.8199319894393085,Group5
24.299999999999955,9,0.10533572598103791,0.419312928955317,inf,Group5
24.399999999999952,9,0.10188013250922305,0.5013497488109944,inf,Group5
24.49999999999995,9,0.09854270311713897,0.49732792016988003,inf,Group5
24.59999999999995,9,0.09531978497822363,0.4541609472664626,inf,Group5
24.699999999999953,9,0.09220778989784346,0.4962770144254322,inf,Group5
24.79999999999995,9,0.08920319805468063,0.570044089824231,inf,Group5
24.89999999999995,9,0.08630256116099044,0.460633154776116,inf,Group5
24.99999999999995,9,0.08350250508611348,0.5831840877325145,inf,Group5
25.09999999999995,9,0.08079973198594108,0.5831102376403706,inf,Group5
25.19999999999995,9,0.07819102197920143,0.6257515625481872,inf,Group5
25.299999999999947,9,0.07567323440952735,0.6879970969594877,inf,Group5
25.39999999999995,9,0.07324330873027746,0.7517257658370027,inf,Group5
25.49999999999995,9,0.07089826504707578,0.5891231298195986,inf,Group5
25.599999999999948,9,0.06863520435100894,0.7852646184376987,inf,Group5
25.699999999999946,9,0.06645130847340991,0.8520325033167444,inf,Group5
25.799999999999947,9,0.06434383979117991,0.7588398628678544,inf,Group5
25.89999999999995,9,0.06231014070965251,0.8174949453702262,inf,Group5
25.999999999999947,9,0.06034763294812953,0.9092558486650069,inf,Group5
26.099999999999945,9,0.058453816651391155,0.7869050469082676,inf,Group5
26.199999999999946,9,0.056626269348737907,0.8776740445118519,inf,Group5
26.299999999999947,9,0.05486264478044493,0.8346334673480678,inf,Group5
26.399999999999945,9,0.053160671609918476,0.7456473644398561,inf,Group5
26.499999999999943,9,0.05151815203832996,0.7567381871058836,inf,Group5
26.599999999999945,9,0.04993296033707451,0.81367691468965,inf,Group5
26.699999999999946,9,0.04840304131205661,0.6478325796340362,inf,Group5
26.799999999999944,9,0.04692640871253401,0.7611389183941241,inf,Group5
26.89999999999994,9,0.04550114359607593,0.7627195117707628,inf,Group5
26.999999999999943,9,0.0441253926600786,0.6093944818456958,inf,Group5
27.099999999999945,9,0.04279736654925498,0.5858411314800454,inf,Group5
27.199999999999942,9,0.04151533814755838,0.6375375974009212,inf,Group5
27.29999999999994,9,0.0402776408621121,0.45746416409375734,inf,Group5
27.39999999999994,9,0.0390826669059001,0.5699413891139393,inf,Group5
27.499999999999943,9,0.03792886558521635,0.5996492918698164,inf,Group5
27.59999999999994,9,0.036814741597173954,0.5061321515977494,inf,Group5
27.69999999999994,9,0.0357388533419407,0.5366314854671818,inf,Group5
27.79999999999994,9,0.034699811253776934,0.6471619594640515,inf,Group5
27.89999999999994,9,0.03369627615442227,0.4644568752958591,inf,Group5
27.99999999999994,9,0.03272695763188559,0.5769341003160472,inf,Group5
28.099999999999937,9,0.031790612447251065,0.6066420030719308,inf,Group5
28.19999999999994,9,0.030886042971708643,0.5093378920290652,inf,Group5
28.29999999999994,9,0.03001209565565319,0.5390457947849425,inf,Group5
28.399999999999938,9,0.029167659531365107,0.6515230198051307,inf,Group5
28.499999999999936,9,0.028351664750487234,0.4714495864979668,inf,Group5
28.599999999999937,9,0.027563081157248273,0.5839268115181496,inf,Group5
28.69999999999994,9,0.02680091689813864,0.6136347142740276,inf,Group5
28.799999999999937,9,0.026064217068533103,0.5163306032311716,inf,Group5
28.899999999999935,9,0.02535206239656288,0.5460385059870568,inf,Group5
28.999999999999936,9,0.024663567964369096,0.40810178540949216,inf,Group5
